sys,drupal/sys
syslog_report,drupal/syslog_report
system_status,drupal/system_status
system_stream_wrapper,drupal/system_stream_wrapper
system_tags,drupal/system_tags
system_user,drupal/system_user
systempay,drupal/systempay
szentirashu_formatter,drupal/szentirashu_formatter
szube_api,drupal/szube_api
taarikh,drupal/taarikh
tab_toolbar,drupal/tab_toolbar
table_altrow,drupal/table_altrow
table_bs_filter,drupal/table_bs_filter
table_chart,drupal/table_chart
table_field_group,drupal/table_field_group
tableau_dashboard,drupal/tableau_dashboard
tablefield,drupal/tablefield
tablesorter,drupal/tablesorter
tabs_element,drupal/tabs_element
tac_lite,drupal/tac_lite
tag_block_site_branding_switcher,drupal/tag_block_site_branding_switcher
tag1quo,drupal/tag1quo
tagadelic,drupal/tagadelic
tagclouds,drupal/tagclouds
taggd,drupal/taggd
tally,drupal/tally
tamper,drupal/tamper
tango_card,drupal/tango_card
tanslation_outdated,drupal/tanslation_outdated
tardis,drupal/tardis
tarpit,drupal/tarpit
task,drupal/task
tasty_backend,drupal/tasty_backend
tawk_to,drupal/tawk_to
tawkto,drupal/tawkto
taxonews,drupal/taxonews
taxonomy_access_fix,drupal/taxonomy_access_fix
taxonomy_based_visibility,drupal/taxonomy_based_visibility
taxonomy_bootstrap_accordion,drupal/taxonomy_bootstrap_accordion
taxonomy_breadcrumb,drupal/taxonomy_breadcrumb
taxonomy_container,drupal/taxonomy_container
taxonomy_delete,drupal/taxonomy_delete
taxonomy_entity,drupal/taxonomy_entity
taxonomy_facets,drupal/taxonomy_facets
taxonomy_formatter,drupal/taxonomy_formatter
taxonomy_image,drupal/taxonomy_image
taxonomy_import,drupal/taxonomy_import
taxonomy_machine_name,drupal/taxonomy_machine_name
taxonomy_manager,drupal/taxonomy_manager
taxonomy_manager_lite,drupal/taxonomy_manager_lite
taxonomy_menu_trails,drupal/taxonomy_menu_trails
taxonomy_menu_ui,drupal/taxonomy_menu_ui
taxonomy_moderator,drupal/taxonomy_moderator
taxonomy_move,drupal/taxonomy_move
taxonomy_multidelete_terms,drupal/taxonomy_multidelete_terms
taxonomy_path,drupal/taxonomy_path
taxonomy_per_user,drupal/taxonomy_per_user
taxonomy_permissions,drupal/taxonomy_permissions
taxonomy_place,drupal/taxonomy_place
taxonomy_protect,drupal/taxonomy_protect
taxonomy_publish,drupal/taxonomy_publish
taxonomy_quick_child,drupal/taxonomy_quick_child
taxonomy_reference_shield,drupal/taxonomy_reference_shield
taxonomy_replace,drupal/taxonomy_replace
taxonomy_rollup,drupal/taxonomy_rollup
taxonomy_scheduler,drupal/taxonomy_scheduler
taxonomy_term_depth,drupal/taxonomy_term_depth
taxonomy_term_fields_manager,drupal/taxonomy_term_fields_manager
taxonomy_unique,drupal/taxonomy_unique
tb_megamenu,drupal/tb_megamenu
tc,drupal/tc
tckn_kontrol,drupal/tckn_kontrol
tckn_webform_element,drupal/tckn_webform_element
teachest,drupal/teachest
tealeaf,drupal/tealeaf
tealium,drupal/tealium
team,drupal/team
teamleader,drupal/teamleader
teaserver,drupal/teaserver
teaservice,drupal/teaservice
teatree,drupal/teatree
telephone_formatter,drupal/telephone_formatter
telephone_validation,drupal/telephone_validation
template_breadcrumb,drupal/template_breadcrumb
template_whisperer,drupal/template_whisperer
templating,drupal/templating
temporal,drupal/temporal
tenon_io,drupal/tenon_io
term_condition,drupal/term_condition
term_csv_export_import,drupal/term_csv_export_import
term_csv_tree_import,drupal/term_csv_tree_import
term_index,drupal/term_index
term_level,drupal/term_level
term_merge,drupal/term_merge
term_merge_manager,drupal/term_merge_manager
term_name_validation,drupal/term_name_validation
term_node,drupal/term_node
term_reference_change,drupal/term_reference_change
term_reference_sortable,drupal/term_reference_sortable
term_reference_tree,drupal/term_reference_tree
term_revision,drupal/term_revision
term_split,drupal/term_split
term_tree_selector,drupal/term_tree_selector
termcase,drupal/termcase
terms_of_use,drupal/terms_of_use
test_output_viewer,drupal/test_output_viewer
tether_stats,drupal/tether_stats
tetw,drupal/tetw
text_or_link,drupal/text_or_link
text_resize,drupal/text_resize
text_rotator_filter,drupal/text_rotator_filter
text_selection,drupal/text_selection
text_summary_formater,drupal/text_summary_formater
text_summary_options,drupal/text_summary_options
text_with_title,drupal/text_with_title
text2image,drupal/text2image
textarea_limit,drupal/textarea_limit
textarea_widget_for_text,drupal/textarea_widget_for_text
textareatabs,drupal/textareatabs
textfield_confirm,drupal/textfield_confirm
textfield_counter,drupal/textfield_counter
textimage,drupal/textimage
textmarketer_contacts,drupal/textmarketer_contacts
textrazor,drupal/textrazor
tfa_duo,drupal/tfa_duo
tfa_ga_totp,drupal/tfa_ga_totp
tfl,drupal/tfl
tft,drupal/tft
thank_you_commenter,drupal/thank_you_commenter
themable_forms,drupal/themable_forms
theme_breakpoints_js,drupal/theme_breakpoints_js
theme_by_author,drupal/theme_by_author
theme_change,drupal/theme_change
theme_field,drupal/theme_field
theme_filter,drupal/theme_filter
theme_permission,drupal/theme_permission
theme_system_sandbox,drupal/theme_system_sandbox
themekey,drupal/themekey
thermometer,drupal/thermometer
third_party,drupal/third_party
third_party_wrappers,drupal/third_party_wrappers
thumbor_effects,drupal/thumbor_effects
thumbor_effects_crop,drupal/thumbor_effects_crop
ticket,drupal/ticket
tid_to_name,drupal/tid_to_name
tikitoki,drupal/tikitoki
tikkie,drupal/tikkie
tile,drupal/tile
time_field,drupal/time_field
time_formatter,drupal/time_formatter
time_range,drupal/time_range
time_spent,drupal/time_spent
time_spent_all,drupal/time_spent_all
timed_messages,drupal/timed_messages
timed_node_page,drupal/timed_node_page
timelinejs,drupal/timelinejs
timelogin,drupal/timelogin
timeout_notification,drupal/timeout_notification
timepicker,drupal/timepicker
timestamp_range,drupal/timestamp_range
timetable_cron,drupal/timetable_cron
tint,drupal/tint
tinypng,drupal/tinypng
tipsy,drupal/tipsy
title,drupal/title
title_field_for_manage_display,drupal/title_field_for_manage_display
title_length,drupal/title_length
tlh,drupal/tlh
tmgmt_acclaro,drupal/tmgmt_acclaro
tmgmt_capita,drupal/tmgmt_capita
tmgmt_deepl,drupal/tmgmt_deepl
tmgmt_extension_suit,drupal/tmgmt_extension_suit
tmgmt_geartranslations,drupal/tmgmt_geartranslations
tmgmt_globalsight,drupal/tmgmt_globalsight
tmgmt_google,drupal/tmgmt_google
tmgmt_memory,drupal/tmgmt_memory
tmgmt_memsource,drupal/tmgmt_memsource
tmgmt_microsoft,drupal/tmgmt_microsoft
tmgmt_mygengo,drupal/tmgmt_mygengo
tmgmt_oht,drupal/tmgmt_oht
tmgmt_powerling,drupal/tmgmt_powerling
tmgmt_spreadsheet,drupal/tmgmt_spreadsheet
tmgmt_textmaster,drupal/tmgmt_textmaster
tmgmt_thebigword,drupal/tmgmt_thebigword
tmgmt_wordbee,drupal/tmgmt_wordbee
tmgmt_xtm,drupal/tmgmt_xtm
tmgmt_yandex_api,drupal/tmgmt_yandex_api
tns_gallup,drupal/tns_gallup
toastify,drupal/toastify
toc_api,drupal/toc_api
toc_api_node,drupal/toc_api_node
toc_filter,drupal/toc_filter
toc_js,drupal/toc_js
toc_node,drupal/toc_node
tocify,drupal/tocify
toggle_editable_fields,drupal/toggle_editable_fields
toggle_sticky_toggler,drupal/toggle_sticky_toggler
togglemenu,drupal/togglemenu
token,drupal/token
token_conditions,drupal/token_conditions
token_default,drupal/token_default
token_embed_views,drupal/token_embed_views
token_filter,drupal/token_filter
token_headers,drupal/token_headers
token_language,drupal/token_language
token_replace_ajax,drupal/token_replace_ajax
token_var,drupal/token_var
tokendebug,drupal/tokendebug
tokenuuid,drupal/tokenuuid
tome_netlify,drupal/tome_netlify
tome_sync_github,drupal/tome_sync_github
toolbar_anti_flicker,drupal/toolbar_anti_flicker
toolbar_extras,drupal/toolbar_extras
toolbar_menu,drupal/toolbar_menu
toolbar_menu_clean,drupal/toolbar_menu_clean
toolbar_region,drupal/toolbar_region
toolbar_themes,drupal/toolbar_themes
toolbar_visibility,drupal/toolbar_visibility
tota11y,drupal/tota11y
total_control,drupal/total_control
tour_builder,drupal/tour_builder
tour_ui,drupal/tour_ui
townsec_key,drupal/townsec_key
tr_rulez,drupal/tr_rulez
tracdelight,drupal/tracdelight
track_da_files,drupal/track_da_files
track_file_downloads,drupal/track_file_downloads
track_site_visitor,drupal/track_site_visitor
trackduck_integration,drupal/trackduck_integration
tracking_code,drupal/tracking_code
tracking_number,drupal/tracking_number
trail_graph,drupal/trail_graph
trailing_slash,drupal/trailing_slash
trance,drupal/trance
transaction_workflow,drupal/transaction_workflow
transcoding,drupal/transcoding
transcoding_aws,drupal/transcoding_aws
transcript,drupal/transcript
transform_uploaded_image,drupal/transform_uploaded_image
translatable_menu_link_uri,drupal/translatable_menu_link_uri
translate,drupal/translate
translate_set,drupal/translate_set
translate_side_by_side,drupal/translate_side_by_side
translate_this,drupal/translate_this
translation_condition,drupal/translation_condition
translation_extractor,drupal/translation_extractor
translation_form,drupal/translation_form
translation_outdated,drupal/translation_outdated
translation_views,drupal/translation_views
translators,drupal/translators
transliterate,drupal/transliterate
transliterate_filenames,drupal/transliterate_filenames
trash,drupal/trash
trending_images,drupal/trending_images
trial_role,drupal/trial_role
tribune,drupal/tribune
trim_html,drupal/trim_html
tripadvisor_integration,drupal/tripadvisor_integration
trumba,drupal/trumba
trunk8_formatter,drupal/trunk8_formatter
trusted_redirect,drupal/trusted_redirect
trustpay,drupal/trustpay
tui_editor,drupal/tui_editor
tupas,drupal/tupas
turbolinks,drupal/turbolinks
tus,drupal/tus
tve,drupal/tve
tvi,drupal/tvi
tweet_poster,drupal/tweet_poster
tweet_text,drupal/tweet_text
tweetext,drupal/tweetext
twig,drupal/twig
twig_addons,drupal/twig_addons
twig_backlink,drupal/twig_backlink
twig_blocks,drupal/twig_blocks
twig_clean_debug,drupal/twig_clean_debug
twig_components,drupal/twig_components
twig_compress,drupal/twig_compress
twig_debug,drupal/twig_debug
twig_drupal_children_extension,drupal/twig_drupal_children_extension
twig_extender,drupal/twig_extender
twig_extensions,drupal/twig_extensions
twig_field,drupal/twig_field
twig_field_value,drupal/twig_field_value
twig_killswitch_trigger,drupal/twig_killswitch_trigger
twig_link_attributes,drupal/twig_link_attributes
twig_namespaces,drupal/twig_namespaces
twig_php,drupal/twig_php
twig_render_this,drupal/twig_render_this
twig_renderable,drupal/twig_renderable
twig_sd,drupal/twig_sd
twig_svg,drupal/twig_svg
twig_temp,drupal/twig_temp
twig_tools,drupal/twig_tools
twig_tweak,drupal/twig_tweak
twig_typography,drupal/twig_typography
twig_vardumper,drupal/twig_vardumper
twig_views,drupal/twig_views
twig_whitespace_collapser,drupal/twig_whitespace_collapser
twig_xdebug,drupal/twig_xdebug
twigjs,drupal/twigjs
twigsuggest,drupal/twigsuggest
twilio,drupal/twilio
twinesocial,drupal/twinesocial
twitter_api,drupal/twitter_api
twitter_api_block,drupal/twitter_api_block
twitter_api_search,drupal/twitter_api_search
twitter_block,drupal/twitter_block
twitter_embed,drupal/twitter_embed
twitter_embed_field,drupal/twitter_embed_field
twitter_entity,drupal/twitter_entity
twitter_feed,drupal/twitter_feed
twitter_filter,drupal/twitter_filter
twitter_filters,drupal/twitter_filters
twitter_profile_widget,drupal/twitter_profile_widget
twitter_sync,drupal/twitter_sync
twitter_trends,drupal/twitter_trends
twitter_tweets,drupal/twitter_tweets
twitter_username,drupal/twitter_username
twitteroauth,drupal/twitteroauth
twizo_verification,drupal/twizo_verification
txt_serialization,drupal/txt_serialization
tynt,drupal/tynt
type_style,drupal/type_style
typed_data,drupal/typed_data
typed_widget,drupal/typed_widget
typekit_integration,drupal/typekit_integration
tzfield,drupal/tzfield
uaparser,drupal/uaparser
uber_publisher_ads_system,drupal/uber_publisher_ads_system
uber_publisher_author_profile,drupal/uber_publisher_author_profile
uber_publisher_breaking_news,drupal/uber_publisher_breaking_news
uber_publisher_daily_cartoons,drupal/uber_publisher_daily_cartoons
uber_publisher_in_pictures,drupal/uber_publisher_in_pictures
uber_publisher_opinion_articles,drupal/uber_publisher_opinion_articles
uber_publisher_search,drupal/uber_publisher_search
uber_publisher_social_post,drupal/uber_publisher_social_post
ubercart,drupal/ubercart
ubercart_funds,drupal/ubercart_funds
uc_affirm,drupal/uc_affirm
uc_canadapost,drupal/uc_canadapost
uc_ccavenue,drupal/uc_ccavenue
uc_dropdown_attributes,drupal/uc_dropdown_attributes
uc_everyday,drupal/uc_everyday
uc_gc_client,drupal/uc_gc_client
uc_only_one,drupal/uc_only_one
uc_paymentexpress,drupal/uc_paymentexpress
uc_paypal_plus,drupal/uc_paypal_plus
uc_pdf_invoice_mail,drupal/uc_pdf_invoice_mail
uc_quickpay,drupal/uc_quickpay
uc_stripe,drupal/uc_stripe
uc_vat_prices,drupal/uc_vat_prices
uc_volume_pricing,drupal/uc_volume_pricing
udheader,drupal/udheader
ueditor,drupal/ueditor
ui_components,drupal/ui_components
ui_patterns,drupal/ui_patterns
ui_patterns_block,drupal/ui_patterns_block
ui_patterns_from_layouts,drupal/ui_patterns_from_layouts
ui_patterns_pattern_lab,drupal/ui_patterns_pattern_lab
uikit_components,drupal/uikit_components
uikit_grid,drupal/uikit_grid
uikit_gui,drupal/uikit_gui
uikit_node_accordion,drupal/uikit_node_accordion
uikit_slideshow,drupal/uikit_slideshow
uikitty_buttons,drupal/uikitty_buttons
uiplog,drupal/uiplog
ulogin,drupal/ulogin
ultimate_cron,drupal/ultimate_cron
ultimenu,drupal/ultimenu
underscore_handle,drupal/underscore_handle
unique_code_field,drupal/unique_code_field
unique_field,drupal/unique_field
unique_field_ajax,drupal/unique_field_ajax
unique_logs,drupal/unique_logs
unish,drupal/unish
unity_webapp,drupal/unity_webapp
universal_queue,drupal/universal_queue
unix_time_conversion,drupal/unix_time_conversion
unlimited_number,drupal/unlimited_number
unpublish_own_comment,drupal/unpublish_own_comment
unpublished_node_permissions,drupal/unpublished_node_permissions
unpublished_nodes_redirect,drupal/unpublished_nodes_redirect
unpublished_permissions,drupal/unpublished_permissions
unset_comment_tips,drupal/unset_comment_tips
unset_html_head_link,drupal/unset_html_head_link
unveil,drupal/unveil
update_external_links,drupal/update_external_links
update_helper,drupal/update_helper
update_notifications_disable,drupal/update_notifications_disable
update_runner,drupal/update_runner
update_worker,drupal/update_worker
updater,drupal/updater
upgrade_tool,drupal/upgrade_tool
upload_storage_reminder,drupal/upload_storage_reminder
uppy,drupal/uppy
uptime_widget,drupal/uptime_widget
url,drupal/url
url_alias_permissions,drupal/url_alias_permissions
url_embed,drupal/url_embed
url_filter,drupal/url_filter
url_redirect,drupal/url_redirect
url_replace_filter,drupal/url_replace_filter
url_to_video_filter,drupal/url_to_video_filter
urllogin,drupal/urllogin
urvp,drupal/urvp
usable_json,drupal/usable_json
usajobs_integration,drupal/usajobs_integration
usebb2drupal,drupal/usebb2drupal
user_account_language_negotiation,drupal/user_account_language_negotiation
user_agent_class,drupal/user_agent_class
user_alert,drupal/user_alert
user_attendance,drupal/user_attendance
user_bundle,drupal/user_bundle
user_cancel_immediate,drupal/user_cancel_immediate
user_created_by,drupal/user_created_by
user_csv_import,drupal/user_csv_import
user_current_paths,drupal/user_current_paths
user_default_page,drupal/user_default_page
user_delete_reassign,drupal/user_delete_reassign
user_edit,drupal/user_edit
user_external_invite,drupal/user_external_invite
user_guide,drupal/user_guide
user_hash,drupal/user_hash
user_homepage,drupal/user_homepage
user_import,drupal/user_import
user_lock,drupal/user_lock
user_login_persistent_destination,drupal/user_login_persistent_destination
user_logout_confirm,drupal/user_logout_confirm
user_manual_verify,drupal/user_manual_verify
user_menu_avatar,drupal/user_menu_avatar
user_online_status,drupal/user_online_status
user_permissions,drupal/user_permissions
user_plus,drupal/user_plus
user_points,drupal/user_points
user_private_fields,drupal/user_private_fields
user_pwreset_timeout,drupal/user_pwreset_timeout
user_reference_access,drupal/user_reference_access
user_reference_node_access,drupal/user_reference_node_access
user_registration_limit,drupal/user_registration_limit
user_restrictions,drupal/user_restrictions
user_revision,drupal/user_revision
user_route_context,drupal/user_route_context
user_sanitize,drupal/user_sanitize
username_check,drupal/username_check
username_enumeration_prevention,drupal/username_enumeration_prevention
username_less,drupal/username_less
username_login,drupal/username_login
username_policy,drupal/username_policy
username_reminder,drupal/username_reminder
username_validation,drupal/username_validation
userone,drupal/userone
userpoints,drupal/userpoints
userprotect,drupal/userprotect
userqueue,drupal/userqueue
userref,drupal/userref
users_export,drupal/users_export
usersnap,drupal/usersnap
userswitch,drupal/userswitch
usfedgov_google_analytics,drupal/usfedgov_google_analytics
uswds_paragraphs,drupal/uswds_paragraphs
uuid_condition,drupal/uuid_condition
uuid_forward,drupal/uuid_forward
uuid_map,drupal/uuid_map
uuid_url,drupal/uuid_url
validateaddress,drupal/validateaddress
validators,drupal/validators
value,drupal/value
vapn,drupal/vapn
varbase_auth,drupal/varbase_auth
varbase_blog,drupal/varbase_blog
varbase_bootstrap_paragraphs,drupal/varbase_bootstrap_paragraphs
varbase_carousels,drupal/varbase_carousels
varbase_core,drupal/varbase_core
varbase_editor,drupal/varbase_editor
varbase_email,drupal/varbase_email
varbase_faqs,drupal/varbase_faqs
varbase_heroslider_media,drupal/varbase_heroslider_media
varbase_landing,drupal/varbase_landing
varbase_media,drupal/varbase_media
varbase_media_header,drupal/varbase_media_header
varbase_reports,drupal/varbase_reports
varbase_search,drupal/varbase_search
varbase_seo,drupal/varbase_seo
varbase_styleguide,drupal/varbase_styleguide
varbase_total_control,drupal/varbase_total_control
vardumper,drupal/vardumper
varnish,drupal/varnish
vat_number,drupal/vat_number
vault,drupal/vault
vault_auth_approle,drupal/vault_auth_approle
vault_auth_token,drupal/vault_auth_token
vault_key_aws,drupal/vault_key_aws
vault_key_kv,drupal/vault_key_kv
vbo_export,drupal/vbo_export
vcard,drupal/vcard
vcl,drupal/vcl
vcs_provider_client,drupal/vcs_provider_client
vde_drush,drupal/vde_drush
vefta,drupal/vefta
vegas,drupal/vegas
venga_translator,drupal/venga_translator
veoa,drupal/veoa
verf,drupal/verf
vertical_tabs_config,drupal/vertical_tabs_config
vex_message,drupal/vex_message
vfd,drupal/vfd
vib,drupal/vib
video,drupal/video
video_embed_aparat,drupal/video_embed_aparat
video_embed_bliverr,drupal/video_embed_bliverr
video_embed_brightcove,drupal/video_embed_brightcove
video_embed_dailymotion,drupal/video_embed_dailymotion
video_embed_damdy,drupal/video_embed_damdy
video_embed_dreambroker,drupal/video_embed_dreambroker
video_embed_dtube,drupal/video_embed_dtube
video_embed_facebook,drupal/video_embed_facebook
video_embed_field,drupal/video_embed_field
video_embed_html5,drupal/video_embed_html5
video_embed_hulu,drupal/video_embed_hulu
video_embed_instagram,drupal/video_embed_instagram
video_embed_jw_self_hosted,drupal/video_embed_jw_self_hosted
video_embed_jwplayer,drupal/video_embed_jwplayer
video_embed_metacafe,drupal/video_embed_metacafe
video_embed_myspace,drupal/video_embed_myspace
video_embed_panopto,drupal/video_embed_panopto
video_embed_peertube,drupal/video_embed_peertube
video_embed_rutube,drupal/video_embed_rutube
video_embed_screencast,drupal/video_embed_screencast
video_embed_soundcloud,drupal/video_embed_soundcloud
video_embed_spotify,drupal/video_embed_spotify
video_embed_ted,drupal/video_embed_ted
video_embed_twentythree,drupal/video_embed_twentythree
video_embed_twitch,drupal/video_embed_twitch
video_embed_vidme,drupal/video_embed_vidme
video_embed_vidyard,drupal/video_embed_vidyard
video_embed_vkontakte,drupal/video_embed_vkontakte
video_embed_wistia,drupal/video_embed_wistia
video_embed_youku,drupal/video_embed_youku
video_filter,drupal/video_filter
video_js,drupal/video_js
video_playlist,drupal/video_playlist
video_sitemap,drupal/video_sitemap
video_wistia,drupal/video_wistia
videobackground,drupal/videobackground
videobackground_banner_block,drupal/videobackground_banner_block
videojs,drupal/videojs
vidyard,drupal/vidyard
view_custom_table,drupal/view_custom_table
view_mode,drupal/view_mode
view_mode_block,drupal/view_mode_block
view_mode_page,drupal/view_mode_page
view_mode_selector,drupal/view_mode_selector
view_modes_display,drupal/view_modes_display
view_password,drupal/view_password
view_profiles_perms,drupal/view_profiles_perms
view_unpublished,drupal/view_unpublished
viewerjs,drupal/viewerjs
viewfield,drupal/viewfield
viewfield_tags,drupal/viewfield_tags
viewport,drupal/viewport
views,drupal/views
views_access_callback,drupal/views_access_callback
views_accordion,drupal/views_accordion
views_accordion_foundation,drupal/views_accordion_foundation
views_add_button,drupal/views_add_button
views_add_button_group,drupal/views_add_button_group
views_advanced_cache,drupal/views_advanced_cache
views_advanced_routing,drupal/views_advanced_routing
views_aggregator,drupal/views_aggregator
views_ajax_get,drupal/views_ajax_get
views_ajax_history,drupal/views_ajax_history
views_area_link,drupal/views_area_link
views_arg_order_sort,drupal/views_arg_order_sort
views_argument_token,drupal/views_argument_token
views_attach_library,drupal/views_attach_library
views_autocomplete_api,drupal/views_autocomplete_api
views_autocomplete_search,drupal/views_autocomplete_search
views_autorefresh_d8,drupal/views_autorefresh_d8
views_autosubmit,drupal/views_autosubmit
views_base_url,drupal/views_base_url
views_block_area,drupal/views_block_area
views_block_filter_block,drupal/views_block_filter_block
views_block_placement_exposed_form_defaults,drupal/views_block_placement_exposed_form_defaults
views_blogspot_archive,drupal/views_blogspot_archive
views_bootstrap,drupal/views_bootstrap
views_breadcrumb,drupal/views_breadcrumb
views_bulk_edit,drupal/views_bulk_edit
views_bulk_operations,drupal/views_bulk_operations
views_cache_bully,drupal/views_cache_bully
views_collapsible_list,drupal/views_collapsible_list
views_condition,drupal/views_condition
views_conditional,drupal/views_conditional
views_cumulative_field,drupal/views_cumulative_field
views_current_path,drupal/views_current_path
views_custom_cache_tag,drupal/views_custom_cache_tag
views_custom_link,drupal/views_custom_link
views_database_connector,drupal/views_database_connector
views_date_format_sql,drupal/views_date_format_sql
views_dates,drupal/views_dates
views_default_arguments,drupal/views_default_arguments
views_default_user_taxonomy,drupal/views_default_user_taxonomy
views_dependent_filters,drupal/views_dependent_filters
views_dynamic_entity_row,drupal/views_dynamic_entity_row
views_dynamic_title,drupal/views_dynamic_title
views_ef_fieldset,drupal/views_ef_fieldset
views_embed_context,drupal/views_embed_context
views_entity_embed,drupal/views_entity_embed
views_entity_form_field,drupal/views_entity_form_field
views_entity_translations_links,drupal/views_entity_translations_links
views_evi,drupal/views_evi
views_exclude_previous,drupal/views_exclude_previous
views_exposed_filter_blocks,drupal/views_exposed_filter_blocks
views_extras,drupal/views_extras
views_feed_link_field_alter,drupal/views_feed_link_field_alter
views_field_formatter,drupal/views_field_formatter
views_field_percentage,drupal/views_field_percentage
views_field_permissions,drupal/views_field_permissions
views_field_select_filter,drupal/views_field_select_filter
views_field_view,drupal/views_field_view
views_fields_on_off,drupal/views_fields_on_off
views_fieldset,drupal/views_fieldset
views_fieldsets,drupal/views_fieldsets
views_filter_calculated_price,drupal/views_filter_calculated_price
views_filter_clear,drupal/views_filter_clear
views_first_page,drupal/views_first_page
views_flexible_pager,drupal/views_flexible_pager
views_flipboard,drupal/views_flipboard
views_flipped_table,drupal/views_flipped_table
views_fractionslider,drupal/views_fractionslider
views_googlenews,drupal/views_googlenews
views_html_tags,drupal/views_html_tags
views_http_pager,drupal/views_http_pager
views_ical,drupal/views_ical
views_ifempty,drupal/views_ifempty
views_index_hint,drupal/views_index_hint
views_infinite_scroll,drupal/views_infinite_scroll
views_inject,drupal/views_inject
views_jump_menu,drupal/views_jump_menu
views_layout,drupal/views_layout
views_link_attributes,drupal/views_link_attributes
views_linkarea,drupal/views_linkarea
views_list_sort,drupal/views_list_sort
views_load_more,drupal/views_load_more
views_math,drupal/views_math
views_menu_children_filter,drupal/views_menu_children_filter
views_menu_relationship,drupal/views_menu_relationship
views_merge_rows,drupal/views_merge_rows
views_natural_sort,drupal/views_natural_sort
views_negate,drupal/views_negate
views_node_access_filter,drupal/views_node_access_filter
views_nodejs,drupal/views_nodejs
views_oai_pmh,drupal/views_oai_pmh
views_order_by_delta,drupal/views_order_by_delta
views_pager_summary,drupal/views_pager_summary
views_parity_row,drupal/views_parity_row
views_photo_grid,drupal/views_photo_grid
views_php,drupal/views_php
views_polygon_search,drupal/views_polygon_search
views_published_or_roles,drupal/views_published_or_roles
views_random_seed,drupal/views_random_seed
views_raw_sql,drupal/views_raw_sql
views_record_count,drupal/views_record_count
views_render_view,drupal/views_render_view
views_responsive_columns,drupal/views_responsive_columns
views_rest_feed,drupal/views_rest_feed
views_restricted,drupal/views_restricted
views_role_based_global_text,drupal/views_role_based_global_text
views_row_insert,drupal/views_row_insert
views_rss,drupal/views_rss
views_rss_content,drupal/views_rss_content
views_rss_events,drupal/views_rss_events
views_rss_georss,drupal/views_rss_georss
views_rss_google_products,drupal/views_rss_google_products
views_rss_itunes,drupal/views_rss_itunes
views_rss_media,drupal/views_rss_media
views_rss_pubsubhubbub,drupal/views_rss_pubsubhubbub
views_rss_yandex,drupal/views_rss_yandex
views_search_snippet,drupal/views_search_snippet
views_secondary_row,drupal/views_secondary_row
views_semantic_tabs,drupal/views_semantic_tabs
views_send,drupal/views_send
views_show_more,drupal/views_show_more
views_simple_math_field,drupal/views_simple_math_field
views_simplechart,drupal/views_simplechart
views_slideshow,drupal/views_slideshow
views_slideshow_cycle2,drupal/views_slideshow_cycle2
views_slideshow_jcarousel,drupal/views_slideshow_jcarousel
views_slideshow_rendered_entity_pager,drupal/views_slideshow_rendered_entity_pager
views_sort_expression,drupal/views_sort_expression
views_sort_null_field,drupal/views_sort_null_field
views_split,drupal/views_split
views_system,drupal/views_system
views_tablesearch,drupal/views_tablesearch
views_taxonomy_name_default_argument,drupal/views_taxonomy_name_default_argument
views_taxonomy_parent_id_from_term,drupal/views_taxonomy_parent_id_from_term
views_taxonomy_term_name_depth,drupal/views_taxonomy_term_name_depth
views_taxonomy_term_name_into_id,drupal/views_taxonomy_term_name_into_id
views_templates,drupal/views_templates
views_term_hierarchy_weight_field,drupal/views_term_hierarchy_weight_field
views_timelinejs,drupal/views_timelinejs
views_timestamp_aggregate,drupal/views_timestamp_aggregate
views_tools,drupal/views_tools
views_tree,drupal/views_tree
views_url_alias,drupal/views_url_alias
views_url_path_arguments,drupal/views_url_path_arguments
views_vcards,drupal/views_vcards
views_vertical_tabs,drupal/views_vertical_tabs
views_webticker,drupal/views_webticker
views_xml_backend,drupal/views_xml_backend
views_zurb_foundation,drupal/views_zurb_foundation
viewscss,drupal/viewscss
viewsreference,drupal/viewsreference
vimeo_embed_field,drupal/vimeo_embed_field
vimeo_upload,drupal/vimeo_upload
vimeo_video_uploader,drupal/vimeo_video_uploader
vimrc,drupal/vimrc
violinist_projects,drupal/violinist_projects
virtual_entities,drupal/virtual_entities
virtual_keyboard,drupal/virtual_keyboard
virtual_tour,drupal/virtual_tour
visitor_insights,drupal/visitor_insights
visitors,drupal/visitors
visjs,drupal/visjs
visual_website_optimizer,drupal/visual_website_optimizer
visualization,drupal/visualization
visually_impaired_module,drupal/visually_impaired_module
visualn,drupal/visualn
visualn_commerce,drupal/visualn_commerce
visualn_excel,drupal/visualn_excel
vitalsource_api,drupal/vitalsource_api
vitalsource_checkout,drupal/vitalsource_checkout
vk_authentication,drupal/vk_authentication
vk_community,drupal/vk_community
vk_crosspost,drupal/vk_crosspost
vkxp,drupal/vkxp
vmi,drupal/vmi
vote_anon,drupal/vote_anon
vote_up_down,drupal/vote_up_down
voting_rules_d8,drupal/voting_rules_d8
votingapi,drupal/votingapi
votingapi_reaction,drupal/votingapi_reaction
votingapi_widgets,drupal/votingapi_widgets
vppr,drupal/vppr
vsauce_sticky_popup,drupal/vsauce_sticky_popup
vspfo,drupal/vspfo
vuejs,drupal/vuejs
vuetable,drupal/vuetable
vuukle,drupal/vuukle
w3c_validator,drupal/w3c_validator
warden,drupal/warden
warmer,drupal/warmer
watchdog_event_extras,drupal/watchdog_event_extras
watchdog_mailer,drupal/watchdog_mailer
watchdog_navigate,drupal/watchdog_navigate
watchdog_prune,drupal/watchdog_prune
watchdog_slack,drupal/watchdog_slack
waterwheel,drupal/waterwheel
wayf_dk_login,drupal/wayf_dk_login
waypoints,drupal/waypoints
wb_404_redirection,drupal/wb_404_redirection
wba_menu_link,drupal/wba_menu_link
wbm2cm,drupal/wbm2cm
we_love_reviews,drupal/we_love_reviews
we_megamenu,drupal/we_megamenu
weather_city,drupal/weather_city
weather_wunderground,drupal/weather_wunderground
weathercomau,drupal/weathercomau
weatherstation,drupal/weatherstation
web_accessibility,drupal/web_accessibility
web_page_archive,drupal/web_page_archive
web_page_archive_puppeteer_render,drupal/web_page_archive_puppeteer_render
webapps,drupal/webapps
webcomponents,drupal/webcomponents
webex_xml_api,drupal/webex_xml_api
webfactory,drupal/webfactory
webform_analysis,drupal/webform_analysis
webform_as_block,drupal/webform_as_block
webform_cart,drupal/webform_cart
webform_composite,drupal/webform_composite
webform_config_ignore,drupal/webform_config_ignore
webform_confirmation_file,drupal/webform_confirmation_file
webform_counter,drupal/webform_counter
webform_craftyclicks,drupal/webform_craftyclicks
webform_digests,drupal/webform_digests
webform_dropzonejs,drupal/webform_dropzonejs
webform_eloqua,drupal/webform_eloqua
webform_embed,drupal/webform_embed
webform_encrypt,drupal/webform_encrypt
webform_extra_field,drupal/webform_extra_field
webform_helptext,drupal/webform_helptext
webform_iban_field,drupal/webform_iban_field
webform_invitation,drupal/webform_invitation
webform_ip_track,drupal/webform_ip_track
webform_jsonschema,drupal/webform_jsonschema
webform_layout_container,drupal/webform_layout_container
webform_mail_attachments,drupal/webform_mail_attachments
webform_mailchimp,drupal/webform_mailchimp
webform_mass_email,drupal/webform_mass_email
webform_migrate,drupal/webform_migrate
webform_myemma,drupal/webform_myemma
webform_node_element,drupal/webform_node_element
webform_permissions_by_term,drupal/webform_permissions_by_term
webform_prepopulate,drupal/webform_prepopulate
webform_product,drupal/webform_product
webform_query,drupal/webform_query
webform_rest,drupal/webform_rest
webform_rrn_nrn,drupal/webform_rrn_nrn
webform_rut,drupal/webform_rut
webform_sanitize,drupal/webform_sanitize
webform_score,drupal/webform_score
webform_select_collection,drupal/webform_select_collection
webform_send_multiple_emails,drupal/webform_send_multiple_emails
webform_shs,drupal/webform_shs
webform_simplenews_handler,drupal/webform_simplenews_handler
webform_slack,drupal/webform_slack
webform_submission_files_download,drupal/webform_submission_files_download
webform_submission_import,drupal/webform_submission_import
webform_sugarcrm,drupal/webform_sugarcrm
webform_to_leads,drupal/webform_to_leads
webform_user_registration,drupal/webform_user_registration
webform_utm,drupal/webform_utm
webform_views,drupal/webform_views
webform_wizard_full_title,drupal/webform_wizard_full_title
webp,drupal/webp
webpack_babel,drupal/webpack_babel
webpack_react,drupal/webpack_react
webpack_vuejs,drupal/webpack_vuejs
webpage,drupal/webpage
webpay,drupal/webpay
webprofiler,drupal/webprofiler
webpurify,drupal/webpurify
webpush,drupal/webpush
webserver_auth,drupal/webserver_auth
websocket,drupal/websocket
webtexttool,drupal/webtexttool
webtoimage,drupal/webtoimage
webtrees,drupal/webtrees
wechat_connect,drupal/wechat_connect
wechat_share_advance,drupal/wechat_share_advance
weeronline_formatter,drupal/weeronline_formatter
weibo_widget,drupal/weibo_widget
welcome,drupal/welcome
welcome_mail,drupal/welcome_mail
welcome_username,drupal/welcome_username
wf_encrypt,drupal/wf_encrypt
whatsappshare,drupal/whatsappshare
whatsnew,drupal/whatsnew
while,drupal/while
whiteboard,drupal/whiteboard
who_bought_what,drupal/who_bought_what
whois,drupal/whois
whoops,drupal/whoops
whoops_errors,drupal/whoops_errors
widencollective,drupal/widencollective
widget,drupal/widget
widget_api,drupal/widget_api
widget_block,drupal/widget_block
widget_on_demand,drupal/widget_on_demand
wikipedia_client,drupal/wikipedia_client
wisski,drupal/wisski
wistia_integration,drupal/wistia_integration
wizenoze,drupal/wizenoze
wkhtmltopdf,drupal/wkhtmltopdf
wodby,drupal/wodby
word_link,drupal/word_link
wordfilter,drupal/wordfilter
workbench,drupal/workbench
workbench_access,drupal/workbench_access
workbench_access_taxonomy,drupal/workbench_access_taxonomy
workbench_email,drupal/workbench_email
workbench_moderation,drupal/workbench_moderation
workbench_moderation_actions,drupal/workbench_moderation_actions
workbench_moderation_state_access,drupal/workbench_moderation_state_access
workbench_notifier,drupal/workbench_notifier
workbench_reviewer,drupal/workbench_reviewer
workbench_tabs,drupal/workbench_tabs
workflow,drupal/workflow
workflow_field_groups,drupal/workflow_field_groups
workflow_moderation,drupal/workflow_moderation
workflow_notifications,drupal/workflow_notifications
workflow_sms_notification,drupal/workflow_sms_notification
workflow_state_config,drupal/workflow_state_config
workflow_task,drupal/workflow_task
workflows_field,drupal/workflows_field
workspace,drupal/workspace
worldcore,drupal/worldcore
wp_migrate,drupal/wp_migrate
wpmenu,drupal/wpmenu
wrappers_delight,drupal/wrappers_delight
writeup,drupal/writeup
wsdata,drupal/wsdata
wunderground_weather,drupal/wunderground_weather
wunderstatus,drupal/wunderstatus
wwaf,drupal/wwaf
wxt_library,drupal/wxt_library
wysiwyg_linebreaks,drupal/wysiwyg_linebreaks
wysiwyg_mediaembed,drupal/wysiwyg_mediaembed
wysiwyg_template,drupal/wysiwyg_template
x_frame_fixer,drupal/x_frame_fixer
x_frame_options,drupal/x_frame_options
x_reference,drupal/x_reference
xbbcode,drupal/xbbcode
xero_contact_sync,drupal/xero_contact_sync
xframe_allow_webvisor,drupal/xframe_allow_webvisor
xhprof,drupal/xhprof
xhprof_sample,drupal/xhprof_sample
xhtml,drupal/xhtml
xing_connect,drupal/xing_connect
xls_serialization,drupal/xls_serialization
xls_views_data_export,drupal/xls_views_data_export
xmlrpc,drupal/xmlrpc
xmlsitemap,drupal/xmlsitemap
xnumber,drupal/xnumber
xprofile,drupal/xprofile
xs,drupal/xs
xy_grid_layouts,drupal/xy_grid_layouts
yamaps,drupal/yamaps
yaml_content,drupal/yaml_content
yaml_editor,drupal/yaml_editor
yaml_sandbox,drupal/yaml_sandbox
yamlblock,drupal/yamlblock
yamlencoder,drupal/yamlencoder
yamlform,drupal/yamlform
yamlform_mailchimp,drupal/yamlform_mailchimp
yamlform_queue,drupal/yamlform_queue
yandex_metrics,drupal/yandex_metrics
yandex_oauth,drupal/yandex_oauth
yandex_yml,drupal/yandex_yml
yandexdisk,drupal/yandexdisk
yasm,drupal/yasm
yearonly,drupal/yearonly
ymaps_geolocation,drupal/ymaps_geolocation
yml_export,drupal/yml_export
yoast_seo,drupal/yoast_seo
yoti,drupal/yoti
youtube,drupal/youtube
youtube_block,drupal/youtube_block
youtube_formatter,drupal/youtube_formatter
youtube_import,drupal/youtube_import
youtube_playlist,drupal/youtube_playlist
youtubeapi,drupal/youtubeapi
youtubechannel,drupal/youtubechannel
yt_push,drupal/yt_push
zchat,drupal/zchat
zendesk,drupal/zendesk
zendesk_tickets,drupal/zendesk_tickets
zooming,drupal/zooming
zopim,drupal/zopim
zsm,drupal/zsm
zt_megamenu,drupal/zt_megamenu
zuora,drupal/zuora
zurb_clearing,drupal/zurb_clearing
zurb_twentytwenty,drupal/zurb_twentytwenty