ckeditor_indentblock.xml,1
fontyourface.xml,1
google_analytics.xml,1
horizontal_tabs.xml,1
images_optimizer.xml,1
interface_string_stats.xml,1
job_scheduler.xml,1
lazy.xml,1
lingotek_comment_profile.xml,1
linkchecker.xml,1
link_short.xml,1
listjs.xml,1
liveblog.xml,1
loopit.xml,1
lp_fontawesome.xml,1
map_widget.xml,1
media_entity_slideshare.xml,1
media_feeds.xml,1
migrate_html_to_paragraphs.xml,1
migrate_source_xls.xml,1
module_missing_message_fixer.xml,1
mollie_payment.xml,1
oomph_paragraphs.xml,1
pagerer.xml,1
panopoly_core.xml,1
panopoly_images.xml,1
panopoly_pages.xml,1
panopoly_users.xml,1
panopoly_widgets.xml,1
paragraphs_ee.xml,1
paragraphs_frontend_ui.xml,1
paragraphs_inline_entity_form.xml,1
paragraphs_sets.xml,1
payment_authnet.xml,1
permissions_by_term_redirect.xml,1
permissions_by_term.xml,1
php.xml,1
product_taxonomy_filter.xml,1
redis_batch.xml,1
stories.xml,1
string_unique.xml,1
synergy.xml,1
telephone_validation.xml,1
textimage.xml,1
thumbor_effects_crop.xml,1
thumbor_effects.xml,1
translation_extractor.xml,1
twig_drupal_children_extension.xml,1
user_edit.xml,1
userpoints.xml,1
video_embed_peertube.xml,1
views_base_url.xml,1
wbm2cm.xml,1
webform_rut.xml,1
