ckeditor_div_manager.xml,1
ckeditor_drupalbreaks.xml,1
ckeditor_emojione.xml,1
ckeditor_fixed_toolbar.xml,1
ckeditor_font.xml,1
ckeditor_giella.xml,1
ckeditor_iframe.xml,1
ckeditor_inserthtml.xml,1
filelist_formatter.xml,1
filelog.xml,1
filter_configs.xml,1
filter_form_values.xml,1
filter_twig.xml,1
final_field.xml,1
fitbit.xml,1
fixed_path_alias.xml,1
flexfield.xml,1
flexible_daterange.xml,1
flexible_list.xml,1
flexmail.xml,1
flickr.xml,1
flipping_book.xml,1
floating_social_icons.xml,1
float_labels.xml,1
flood_bypass.xml,1
flow_player_field.xml,1
flush_single_image.xml,1
flysystem_gcs.xml,1
flysystem_sftp.xml,1
flysystem.xml,1
flysystem_zip.xml,1
fontawesome.xml,1
font_field_icon.xml,1
formatter_suite.xml,1
formazing.xml,1
form_display_actions.xml,1
form_element_states.xml,1
form_mode_routing.xml,1
form_placeholder.xml,1
formstack.xml,1
form_styler.xml,1
foundation_sites.xml,1
freshbooks.xml,1
friendly_autocomplete.xml,1
friendship.xml,1
function_filter.xml,1
fz152.xml,1
ga_commerce.xml,1
gacsp.xml,1
gated_file.xml,1
gathercontent.xml,1
ga_webform.xml,1
ga.xml,1
gclient_storage.xml,1
gclient.xml,1
gcloud.xml,1
geocoder_autocomplete.xml,1
geofield_map.xml,1
geolocation_nominatim.xml,1
geolocation_street_view.xml,1
geotimezone.xml,1
geshifilter.xml,1
getresponse_forms.xml,1
getresponse.xml,1
ghostery.xml,1
gist_embed.xml,1
github_deploy.xml,1
git_info.xml,1
git_issues.xml,1
global_content.xml,1
globalredirect.xml,1
glyphicons.xml,1
gmap_popup_styler.xml,1
google_analytics_search_api_autocomplete.xml,1
google_api_client.xml,1
google_crawl_errors.xml,1
google_currency_converter.xml,1
googledrive_doc_viewer.xml,1
google_hire.xml,1
google_kpis.xml,1
googlelogin.xml,1
google_map_field.xml,1
google_mybusiness_api.xml,1
google_nl_api.xml,1
google_nl_autotag.xml,1
google_one_tap.xml,1
google_photos_api.xml,1
google_place_autocomplete.xml,1
google_plus_feeds.xml,1
google_plus_login.xml,1
gopay.xml,1
govuk_inline_form_errors.xml,1
govuk_notify.xml,1
graphql_entity_definitions.xml,1
graphql_json.xml,1
graphql_metatag.xml,1
graphql_twig.xml,1
graphql_views.xml,1
graphql_xml.xml,1
graph_reference.xml,1
gridstack.xml,1
groundhog_day.xml,1
group_forum.xml,1
group_workflow.xml,1
gss.xml,1
gtm_datalayer.xml,1
guardian.xml,1
guardr_core.xml,1
guzzle_cache.xml,1
gzip_html.xml,1
h5p_analytics.xml,1
h5p.xml,1
handsontable_yml_webform.xml,1
handy_cache_tags.xml,1
header_field.xml,1
heading.xml,1
headroomjs.xml,1
hellosign.xml,1
hidden_language.xml,1
hide_node_title.xml,1
hierarchical_config.xml,1
high_contrast.xml,1
hipchat.xml,1
hook_manager.xml,1
hooks.xml,1
hover_card.xml,1
hover_css.xml,1
hover_preview.xml,1
hsts.xml,1
html_formatter.xml,1
htmlmail.xml,1
htmlpurifier.xml,1
httpbin.xml,1
http_client_error_status.xml,1
httpcsvalidation.xml,1
http_queue.xml,1
http_response_headers.xml,1
hubspot_api.xml,1
hubspot_embed.xml,1
human_decimal.xml,1
hyphenator.xml,1
i18n_sso.xml,1
ibm_watson.xml,1
icn.xml,1
icon_select.xml,1
identify_ca.xml,1
idna.xml,1
ie9.xml,1
ife_transitions.xml,1
imageapi_optimize_tinypng.xml,1
image_background_formatter.xml,1
image_edit.xml,1
imagefield_slideshow.xml,1
image_format_cover.xml,1
image_hotspots.xml,1
imagepin.xml,1
image_raw_formatter.xml,1
image_styles_mapping.xml,1
image_tools.xml,1
imce_rename_plugin.xml,1
imgix.xml,1
imgur.xml,1
impliedconsent.xml,1
improvements.xml,1
inherit_link.xml,1
inline_ad_entity.xml,1
integer_to_decimal.xml,1
integration.xml,1
integro.xml,1
intercom.xml,1
invite.xml,1
ipfs_backend.xml,1
ipless.xml,1
ipma_weather.xml,1
isbn.xml,1
is_hacked.xml,1
iubenda_integration.xml,1
ji_quickbooks.xml,1
jira_rest.xml,1
jms_serializer.xml,1
jquery_migrate.xml,1
jquery_minicolors.xml,1
jquery_ui_filter.xml,1
jquery_view_ticker.xml,1
js_component.xml,1
js_manager.xml,1
jsonapi_aliases.xml,1
json_editor.xml,1
json_field.xml,1
json_ld_schema.xml,1
jsonrpc.xml,1
jumper.xml,1
jwt.xml,1
keycdn.xml,1
keycloak.xml,1
key_value.xml,1
konamicode.xml,1
kraken.xml,1
label_length_limit.xml,1
lagoon_logs.xml,1
lang_prompt.xml,1
languagefield.xml,1
last_tweets.xml,1
layout_config_block.xml,1
layouter.xml,1
layout_plugin.xml,1
lazyload_images.xml,1
ldadmin.xml,1
ldap_sso.xml,1
ldap.xml,1
ld.xml,1
leadboxer.xml,1
leaflet_maptiler.xml,1
leaflet_topojson.xml,1
leaflet_widget.xml,1
leaflet.xml,1
league_oauth_login_slack.xml,1
ledger.xml,1
legacy_redirect.xml,1
letsencrypt.xml,1
letter_avatar.xml,1
libphonenumber.xml,1
libraries_debug.xml,1
libraries_in_profiles.xml,1
lightspeed_ecom.xml,1
like_and_dislike.xml,1
limited_field_widgets.xml,1
linkback.xml,1
linkedin_oauth.xml,1
linkicon.xml,1
link_plain_text_formatter.xml,1
link_trail_by_path.xml,1
livechat.xml,1
loading_bar.xml,1
location_selector.xml,1
loft_data_grids.xml,1
log_entity_operations.xml,1
login_destination.xml,1
login_notification.xml,1
log_monitor.xml,1
logs_http.xml,1
log_stdout.xml,1
log.xml,1
look.xml,1
loqate.xml,1
m4032404.xml,1
machine.xml,1
mailcamp.xml,1
mailchimp_simple_signup.xml,1
mailgun.xml,1
mailhandler.xml,1
mailjet_api.xml,1
mail_login.xml,1
maintenance_exempt.xml,1
maintenance_mode_redirect.xml,1
mandrill.xml,1
map_object_field.xml,1
mapycz.xml,1
marketo_subscribe.xml,1
markup_field.xml,1
marquee.xml,1
mask_user_data.xml,1
mask.xml,1
masonry_view_style.xml,1
mason.xml,1
masquerade_nominate.xml,1
material_admin_support.xml,1
matomo_reporting_api.xml,1
matrix.xml,1
mattermost_integration.xml,1
mautic_api.xml,1
max_cdn_cache.xml,1
measuremail.xml,1
media_bulk_upload.xml,1
mediaelement.xml,1
media_entity_carto.xml,1
media_entity_consent.xml,1
media_entity_facebook.xml,1
media_entity_flickr.xml,1
media_entity_gist.xml,1
media_entity_issuu.xml,1
media_entity_pinterest.xml,1
media_entity_tumblr.xml,1
media_imagick.xml,1
media_migration.xml,1
media_pdf_thumbnail.xml,1
media_skyfish.xml,1
media_view_addons.xml,1
mediawiki_api.xml,1
medium_posts.xml,1
membership.xml,1
memcache.xml,1
menu_block_title.xml,1
menu_entity_index.xml,1
menu_firstchild.xml,1
menu_link_attributes.xml,1
menu_link_config.xml,1
menu_manipulator.xml,1
menu_megadrop.xml,1
menu_position.xml,1
menu_token.xml,1
menu_trail_by_path.xml,1
me_redirect.xml,1
messagebird.xml,1
message_history.xml,1
message_notify.xml,1
message_private.xml,1
message_thread_history.xml,1
meta_position.xml,1
mfd.xml,1
microformats.xml,1
migrate_api.xml,1
migrate_default_content.xml,1
migrate_directory.xml,1
migrate_drupal_d8.xml,1
migrate_file.xml,1
migrate_gathercontent.xml,1
migrate_google_sheets.xml,1
migrate_hierarchical_taxonomy.xml,1
migrate_manifest.xml,1
migrate_process_extra.xml,1
migrate_process_inline_images.xml,1
migrate_process_regex.xml,1
migrate_process_s3.xml,1
migrate_process_skip.xml,1
migrate_process_trim.xml,1
migrate_process_url.xml,1
migrate_process_vardump.xml,1
migrate_process_xml.xml,1
migrate_recurring_import.xml,1
migrate_run.xml,1
migrate_scheduler.xml,1
migrate_source_directory.xml,1
migrate_source_ical.xml,1
migrate_source_jsonpath.xml,1
migrate_spreadsheet.xml,1
migrate_sql_subrow.xml,1
migrate_staging_table.xml,1
migrate_upgrade.xml,1
mimedetect.xml,1
minifier_html.xml,1
minifyjs.xml,1
minimalhtml.xml,1
minimal_share.xml,1
missyou.xml,1
mixitup_views.xml,1
mmenu_simple.xml,1
mobile_detect.xml,1
modal_config.xml,1
modal_widget.xml,1
modifiers_pack.xml,1
modifiers.xml,1
module_blacklist.xml,1
module_permissions.xml,1
moment.xml,1
monolog_gelf.xml,1
monolog.xml,1
moon_phases.xml,1
more_filters.xml,1
multiline_config.xml,1
multisite_user_register.xml,1
multivalue_field_restriction.xml,1
myjdownloader.xml,1
nameday.xml,1
naming.xml,1
navigation_blocks.xml,1
nbsp.xml,1
nearby_places_search.xml,1
neo4j.xml,1
ner_import.xml,1
ner.xml,1
netlify.xml,1
new_relic_rpm.xml,1
nextpre.xml,1
nexx_integration.xml,1
nice_imagefield_widget.xml,1
nice_login.xml,1
nice_menus.xml,1
nicemessages.xml,1
nocaptcha_recaptcha.xml,1
no_concurrent_video.xml,1
node_accessibility.xml,1
node_access_rebuild_progressive.xml,1
node_authlink.xml,1
node_boolean.xml,1
node_keep.xml,1
node_title_help_text.xml,1
no_field_markup.xml,1
nopremium.xml,1
normalize_address.xml,1
norwegian_id.xml,1
noscript_tag.xml,1
nothing.xml,1
notification.xml,1
npm.xml,1
number_formatter.xml,1
number_to_word.xml,1
nutrition_label.xml,1
oauth2_client.xml,1
oauth2_server.xml,1
oauth2.xml,1
obfuscate_email.xml,1
obfuscate.xml,1
odoo.xml,1
ofed_switcher.xml,1
oh.xml,1
okta_api.xml,1
omeda_customers.xml,1
omeda_subscriptions.xml,1
omeda.xml,1
onehub.xml,1
onepilot.xml,1
oop_forms.xml,1
opcache_gui.xml,1
openapi_ui_swagger.xml,1
opencalais_ui.xml,1
openid_connect.xml,1
openimmo.xml,1
open_readspeaker.xml,1
openstack_queues.xml,1
open_summary.xml,1
orcid.xml,1
orgmode.xml,1
outdatedbrowser.xml,1
outline.xml,1
outvoice.xml,1
ovh.xml,1
owlcarousel.xml,1
pagebreak.xml,1
page_url_qr_code_block.xml,1
panelbutton.xml,1
panels_pane_report.xml,1
paragraphs_bootstrap_layouts.xml,1
paragraphs_class.xml,1
paragraphs_collapsible.xml,1
paragraphs_content.xml,1
paragraphs_edit.xml,1
paragraphs_entity_embed.xml,1
paragraphs_grid.xml,1
paragraphs_layouts.xml,1
paragraphs_react.xml,1
paragraphs_trimmed.xml,1
paragraphs_viewmode.xml,1
paragraphs_wizard.xml,1
parallax_bg.xml,1
parameter_message.xml,1
partial.xml,1
password_strength.xml,1
path_theme.xml,1
patreon.xml,1
pattern_library.xml,1
payment_stripe.xml,1
paynl_payment.xml,1
paypal_payment.xml,1
pbf.xml,1
pcr.xml,1
pc.xml,1
pdf_api.xml,1
pdf_highlight.xml,1
pdfpreview.xml,1
pdf_slideshow.xml,1
permissions_dragcheck.xml,1
permutive.xml,1
pfm.xml,1
phantomjs_capture.xml,1
phone_link.xml,1
photoswipe.xml,1
php_ffmpeg.xml,1
phpmailer.xml,1
phpmetricsintegration.xml,1
php_ml.xml,1
php_password.xml,1
pilot.xml,1
piwik_actions.xml,1
piwik_reporting_api.xml,1
piwik_reports.xml,1
plaintext_encoder.xml,1
playwire.xml,1
plotly_js.xml,1
pluggable.xml,1
plus.xml,1
pocket.xml,1
polyfill.xml,1
popper_js.xml,1
popup_dialog.xml,1
postal_code.xml,1
postmark.xml,1
po_translations_report.xml,1
potx.xml,1
precision_modifier.xml,1
prefetcher.xml,1
preprocess.xml,1
preserve_changed.xml,1
preserve_page_cache.xml,1
prevnext.xml,1
price.xml,1
printable.xml,1
print_ninja.xml,1
private_message_flood.xml,1
private_message_nodejs.xml,1
processing.xml,1
profile_switcher.xml,1
program.xml,1
prometheus_exporter.xml,1
protected_file.xml,1
pseudo_title.xml,1
psn_public_trophies.xml,1
public_preview.xml,1
publish_away.xml,1
purge_cache_warmer.xml,1
purge_purger_keycdn.xml,1
purge.xml,1
pusher_integration.xml,1
pwned_passwords.xml,1
pxe.xml,1
quadruple_field.xml,1
quenforcer.xml,1
questions_answers.xml,1
queue_watcher.xml,1
quickedit_guillotine.xml,1
quicker_login.xml,1
quickscript.xml,1
quran.xml,1
qwantsearch.xml,1
rabbitmq.xml,1
rakuten.xml,1
ramda.xml,1
random_number_field.xml,1
random_reference_formatter.xml,1
rate_limiter.xml,1
raw_formatter.xml,1
raygun.xml,1
readme.xml,1
readmore.xml,1
real_aes.xml,1
realname.xml,1
reasonsbounce.xml,1
recaptcha_extra.xml,1
recreate_block_content.xml,1
recruiterbox.xml,1
recurly_aegir.xml,1
recurly.xml,1
recurring_donation.xml,1
redhen.xml,1
redirect_after_login.xml,1
redirect_after_logout.xml,1
redis_statistics.xml,1
registration_types.xml,1
simple_adsense.xml,1
simple_analytics.xml,1
simple_calculator.xml,1
simple_ics.xml,1
simple_mailchimp.xml,1
simple_megamenu.xml,1
simple_mobile_login.xml,1
sodium.xml,1
something_went_wrong.xml,1
sourcepoint.xml,1
spamicide.xml,1
spatialfields.xml,1
speak2type.xml,1
speedboxes.xml,1
spid.xml,1
ssp_idp.xml,1
state_form_base.xml,1
stats.xml,1
steam_login.xml,1
stock_photo_field.xml,1
stock_photo_search.xml,1
stocks_api.xml,1
straw.xml,1
stripe_api.xml,1
stripe_checkout.xml,1
stripe.xml,1
styleguide.xml,1
style_management.xml,1
submission_ip_anonymizer.xml,1
submitted_by_specific.xml,1
sula_calculator.xml,1
superfaktura.xml,1
superfish.xml,1
supermonitoring.xml,1
superslides.xml,1
svg_embed.xml,1
svg_icon.xml,1
svg_image.xml,1
svg_sanitizer.xml,1
swagger_ui_formatter.xml,1
sweetalert.xml,1
swiftmailer_force_html.xml,1
swish_payment.xml,1
symbol.xml,1
systempay.xml,1
szentirashu_formatter.xml,1
szube_api.xml,1
taarikh.xml,1
tableau_dashboard.xml,1
table_field_group.xml,1
tally.xml,1
tamper.xml,1
tawk_to.xml,1
taxonomy_bootstrap_accordion.xml,1
taxonomy_delete.xml,1
taxonomy_manager.xml,1
taxonomy_moderator.xml,1
taxonomy_multidelete_terms.xml,1
taxonomy_path.xml,1
taxonomy_place.xml,1
taxonomy_unique.xml,1
teachest.xml,1
tealeaf.xml,1
tealium.xml,1
teamleader.xml,1
teaserver.xml,1
teaservice.xml,1
teatree.xml,1
template_breadcrumb.xml,1
tenon_io.xml,1
term_condition.xml,1
term_node.xml,1
tetw.xml,1
text2image.xml,1
textarea_limit.xml,1
tfa_duo.xml,1
theme_breakpoints_js.xml,1
theme_filter.xml,1
ticket.xml,1
timed_node_page.xml,1
time_formatter.xml,1
time_range.xml,1
timestamp_range.xml,1
tinypng.xml,1
title_length.xml,1
tlh.xml,1
tmgmt_deepl.xml,1
tmgmt_extension_suit.xml,1
tmgmt_globalsight.xml,1
tmgmt_spreadsheet.xml,1
tmgmt_thebigword.xml,1
tmgmt_yandex_api.xml,1
toastify.xml,1
toc_api.xml,1
toc_filter.xml,1
tocify.xml,1
token_conditions.xml,1
token_default.xml,1
token_filter.xml,1
tome_sync_github.xml,1
toolbar_extras.xml,1
tota11y.xml,1
trackduck_integration.xml,1
trance.xml,1
transcoding.xml,1
translation_condition.xml,1
trending_images.xml,1
trumba.xml,1
trunk8_formatter.xml,1
trusted_redirect.xml,1
trustpay.xml,1
tui_editor.xml,1
tus.xml,1
twig_addons.xml,1
twig_compress.xml,1
twig_extender.xml,1
twig_namespaces.xml,1
twig_renderable.xml,1
twigsuggest.xml,1
twig_typography.xml,1
twig_vardumper.xml,1
twig_whitespace_collapser.xml,1
twig_xdebug.xml,1
twilio.xml,1
twitter_api_block.xml,1
twitter_api_search.xml,1
twitter_api.xml,1
twitter_block.xml,1
twitter_entity.xml,1
twitter_trends.xml,1
txt_serialization.xml,1
tynt.xml,1
typed_widget.xml,1
uaparser.xml,1
ubercart_funds.xml,1
uc_quickpay.xml,1
uc_stripe.xml,1
ui_components.xml,1
ui_patterns_pattern_lab.xml,1
ultimenu.xml,1
unique_code_field.xml,1
unique_field_ajax.xml,1
unique_logs.xml,1
universal_queue.xml,1
unlimited_number.xml,1
unset_html_head_link.xml,1
upgrade_tool.xml,1
upload_storage_reminder.xml,1
uppy.xml,1
url_filter.xml,1
usable_json.xml,1
usajobs_integration.xml,1
user_account_language_negotiation.xml,1
user_agent_class.xml,1
user_csv_import.xml,1
user_current_paths.xml,1
user_default_page.xml,1
user_hash.xml,1
username_enumeration_prevention.xml,1
userref.xml,1
user_route_context.xml,1
users_export.xml,1
uswds_paragraphs.xml,1
uuid_condition.xml,1
validators.xml,1
varbase_auth.xml,1
varbase_core.xml,1
varbase_editor.xml,1
varbase_faqs.xml,1
varbase_media.xml,1
varbase_reports.xml,1
varbase_search.xml,1
varbase_seo.xml,1
varbase_styleguide.xml,1
varbase_total_control.xml,1
varnish.xml,1
vat_number.xml,1
vault_auth_approle.xml,1
vault_auth_token.xml,1
vault_key_aws.xml,1
vault_key_kv.xml,1
vault.xml,1
vbo_export.xml,1
vcard.xml,1
vcl.xml,1
vcs_provider_client.xml,1
vde_drush.xml,1
veoa.xml,1
video_embed_bliverr.xml,1
video_embed_html5.xml,1
video_embed_jwplayer.xml,1
video_embed_panopto.xml,1
video_embed_vkontakte.xml,1
video.xml,1
view_modes_display.xml,1
views_add_button.xml,1
views_advanced_cache.xml,1
views_argument_token.xml,1
views_autorefresh_d8.xml,1
views_breadcrumb.xml,1
views_bulk_edit.xml,1
views_condition.xml,1
viewscss.xml,1
views_custom_link.xml,1
views_dates.xml,1
views_dynamic_entity_row.xml,1
views_dynamic_title.xml,1
views_ef_fieldset.xml,1
views_entity_embed.xml,1
views_entity_form_field.xml,1
views_exclude_previous.xml,1
views_extras.xml,1
views_field_formatter.xml,1
views_field_permissions.xml,1
views_field_select_filter.xml,1
views_first_page.xml,1
views_flipboard.xml,1
views_googlenews.xml,1
views_ical.xml,1
views_jump_menu.xml,1
views_link_attributes.xml,1
views_list_sort.xml,1
views_math.xml,1
views_menu_children_filter.xml,1
views_oai_pmh.xml,1
views_pager_summary.xml,1
views_parity_row.xml,1
viewsreference.xml,1
views_render_view.xml,1
views_rss_events.xml,1
views_rss.xml,1
views_semantic_tabs.xml,1
views_slideshow_cycle2.xml,1
views_slideshow_jcarousel.xml,1
views_slideshow.xml,1
views_sort_null_field.xml,1
views_split.xml,1
views_taxonomy_name_default_argument.xml,1
views_term_hierarchy_weight_field.xml,1
views_url_path_arguments.xml,1
views_vcards.xml,1
vimeo_upload.xml,1
violinist_projects.xml,1
virtual_entities.xml,1
visualn_excel.xml,1
visualn.xml,1
vkxp.xml,1
votingapi_widgets.xml,1
votingapi.xml,1
vuetable.xml,1
w3c_validator.xml,1
warden.xml,1
waterwheel.xml,1
wba_menu_link.xml,1
webform_eloqua.xml,1
webform_embed.xml,1
webform_extra_field.xml,1
webform_invitation.xml,1
webform_jsonschema.xml,1
webform_mass_email.xml,1
webform_migrate.xml,1
webform_myemma.xml,1
webform_score.xml,1
webform_select_collection.xml,1
webform_shs.xml,1
webform_submission_files_download.xml,1
webpack_babel.xml,1
webpack_react.xml,1
webpack_vuejs.xml,1
webpage.xml,1
webpay.xml,1
websocket.xml,1
webtexttool.xml,1
webtoimage.xml,1
welcome_username.xml,1
welcome.xml,1
we_megamenu.xml,1
widget_api.xml,1
wikipedia_client.xml,1
wkhtmltopdf.xml,1
workbench_moderation.xml,1
workbench_tabs.xml,1
workflow_field_groups.xml,1
workflow_task.xml,1
wsdata.xml,1
wunderstatus.xml,1
xls_serialization.xml,1
xls_views_data_export.xml,1
xmlsitemap.xml,1
xnumber.xml,1
yaml_content.xml,1
yamlencoder.xml,1
yandexdisk.xml,1
yandex_oauth.xml,1
yandex_yml.xml,1
yoast_seo.xml,1
youtubeapi.xml,1
youtube_formatter.xml,1
zopim.xml,1
zurb_twentytwenty.xml,1
