accordion_blocks.xml,1
accordion_menus.xml,1
achievements.xml,1
aggrid.xml,1
audit_locale.xml,2
autocomplete_deluxe.xml,1
background_image.xml,1
back_to_top.xml,1
better_exposed_filters.xml,4
bing_maps_api.xml,1
biopama_protected_areas.xml,5
blazemeter.xml,1
block_sidekick.xml,3
blocktabs.xml,2
bueditor.xml,1
bynder.xml,1
clipboardjs.xml,1
content_sync.xml,1
date_recur_interactive.xml,1
dynamictagclouds.xml,1
easychart.xml,1
elfinder.xml,3
entity_browser.xml,2
entityreference_dragdrop.xml,1
entity_ref_tab_formatter.xml,2
faqfield.xml,1
feadmin.xml,1
field_collection_tabs.xml,1
field_group.xml,1
flexible_layout.xml,1
gridstack.xml,1
hidden_tab.xml,1
homebox.xml,2
horizontal_tabs.xml,1
imagepin.xml,1
improvements.xml,2
jqueryui_field.xml,2
jquery_ui_filter.xml,2
layout_kit.xml,4
moderate_mmenu.xml,1
nice_imagefield_widget.xml,1
node_layout_builder.xml,2
pagerer.xml,1
pagetree.xml,1
paragraphs_jquery_ui_accordion.xml,1
per_node_analytics.xml,1
photos.xml,1
powertagging.xml,1
quadruple_field.xml,2
quicktabs.xml,2
rdfui.xml,1
responsive_image_batch.xml,1
sa11y.xml,1
select_icons.xml,1
selection_note.xml,1
sliderwidget.xml,1
social_stats.xml,1
sortableviews.xml,1
stacks.xml,1
syslog_report.xml,1
tabs_element.xml,1
taxonomy_manager.xml,2
theme_breakpoints_js.xml,2
thron.xml,1
tooltip_ckeditor.xml,1
varbase_core.xml,1
vcl.xml,2
views_accordion.xml,1
views_semantic_tabs.xml,1
yamlform.xml,2
