accessibility.xml,6
accordion_blocks.xml,3
accordion_menus.xml,3
achievements.xml,3
aggrid.xml,3
alipay_api.xml,2
audit_locale.xml,6
author_pane_popup.xml,3
autocomplete_deluxe.xml,3
background_image.xml,3
back_to_top.xml,3
better_exposed_filters.xml,12
bing_maps_api.xml,3
biopama_protected_areas.xml,15
blazemeter.xml,3
block_sidekick.xml,9
blocktabs.xml,6
bootstrap_library_scss.xml,5
bootstrap_library.xml,5
bootstrap_toggle.xml,1
bueditor.xml,3
bulk_content_operation.xml,4
bxslider_block.xml,1
bynder.xml,3
carerix_api_client.xml,1
ckeditor_indentblock.xml,2
clipboardjs.xml,3
colorbox.xml,2
content_sync.xml,3
cpf.xml,2
date_recur_interactive.xml,3
dynamictagclouds.xml,3
easychart.xml,3
elfinder.xml,9
entity_browser.xml,6
entity_library.xml,3
entityreference_dragdrop.xml,3
entity_ref_tab_formatter.xml,6
fancyselect.xml,1
faqfield.xml,3
feadmin.xml,3
field_collection_tabs.xml,3
field_group.xml,3
flexible_layout.xml,3
flexslider.xml,5
freshbooks.xml,2
fullcalendar_library.xml,3
google_analytics_light_report.xml,1
gridstack.xml,3
hidden_tab.xml,3
homebox.xml,6
horizontal_tabs.xml,3
iban_validator.xml,3
imagefield_eps.xml,2
imagepin.xml,3
ime.xml,3
improvements.xml,6
jqcloud.xml,2
jqueryui_field.xml,6
jquery_ui_filter.xml,6
juicebox.xml,1
jw_player.xml,6
layout_kit.xml,12
libraries.xml,2
library.xml,14
lite.xml,3
loading_bar.xml,1
masonry.xml,8
media_library_edit.xml,3
moderate_mmenu.xml,3
nearby_places_search.xml,2
nice_imagefield_widget.xml,3
node_layout_builder.xml,6
pagerer.xml,3
pagetree.xml,3
paragraphs_jquery_ui_accordion.xml,3
pattern_library.xml,4
permissions_dragcheck.xml,2
per_node_analytics.xml,3
photos.xml,3
pines_notify.xml,2
powertagging.xml,3
quadruple_field.xml,6
quicktabs.xml,6
rdfui.xml,3
responsive_image_batch.xml,3
rswebmail.xml,1
sa11y.xml,3
select_icons.xml,3
selection_note.xml,3
shuffle.xml,5
simplelineicons.xml,3
sliderwidget.xml,3
slides_presentation.xml,1
social_stats.xml,3
sortableviews.xml,3
stacks.xml,3
syslog_report.xml,3
tabs_element.xml,3
taxonomy_manager.xml,6
theme_breakpoints_js.xml,6
thron.xml,3
tooltip_ckeditor.xml,3
ui_patterns.xml,1
varbase_core.xml,3
vcl.xml,6
viewerjs.xml,1
views_accordion.xml,3
views_attach_library.xml,3
views_semantic_tabs.xml,3
yamlform.xml,6
